"Qty";"Value";"Device";"Package";"Parts";"Description";"";
"1";"";"CASTELLATED-ROTARY-TRINKEY";"CASTELLATED-ROTARY-TRINKEY";"PADS";"Rotary Encoder with Built-In Switch";"";
"2";"4.7K";"RESISTOR-US-0204/5";"RESISTOR_0204/5";"R1, R2";"RESISTOR, American symbol";"";
"1";"MMC_ICON-ROCKET-SW";"MMC_ICON-ROCKET-SW";"ICON_ROCKET-SWITCH";"LABEL_BACKGROUND";"";"";
"1";"MMC_LABEL-ROCKET-SW";"MMC_LABEL-ROCKET-SW";"LABEL-ROCKET-SWITCH";"LABEL_DEVICE";"";"";
"1";"MMC_LOGO-XSM";"MMC_LOGO-XSM";"MMC_X-SMALL_LOGO";"LABEL_LOGO";"";"";
"1";"MOUNT-HOLE-3MM-CLEAR";"MOUNT-HOLE-3MM-CLEAR";"HOLE-3MM-CLEAR";"H1";"MOUNTING HOLE with drill center marker";"";
"2";"STX-3120-5B";"STX-3120-5B";"STX-3120-5B";"SW1, SW2";"";"";
